year,heavy,light,medium,transit
2023,996.732632749416,5989.237778334994,546.6841917314091,46.61443207578133
