year,heavy,light,medium,transit
2023,535524.2122211833,15403810.67287798,553145.586053863,26058.285884375466
