year,heavy,light,medium,transit
2023,0.5513313329443088,438.54560311632736,24.62945477297518,0.1367476007072435
