year,heavy,light,medium,transit
2023,176.42602654217882,140334.59299722477,7881.4255273520575,43.75923222631792
