pollutant_name,veh_type,vmt_2018,vmt_2019,vmt_2020,vmt_2030,vmt_2040,vmt_2050
Atmospheric CO2,heavy,1462327.867155684,1480471.7104847748,1498615.5538138654,1680053.9871047735,1884895.9977193405,2076409.9293727924
Atmospheric CO2,light,43814360.50063459,43943515.54238463,44072670.58413467,45364221.00163509,47634928.11947692,50140391.03426264
Atmospheric CO2,medium,2094468.5694745607,2107854.9355136114,2121241.3015526617,2255104.9619431673,2315409.4930276116,2307089.5190600916
CO2 Equivalent,heavy,1462327.867155684,1480471.7104847748,1498615.5538138654,1680053.9871047735,1884895.9977193405,2076409.9293727924
CO2 Equivalent,light,43814360.50063459,43943515.54238463,44072670.58413467,45364221.00163509,47634928.11947692,50140391.03426264
CO2 Equivalent,medium,2094468.5694745607,2107854.9355136114,2121241.3015526617,2255104.9619431673,2315409.4930276116,2307089.5190600916
