pollutant_name,veh_type,total_daily_tons_2018,total_daily_tons_2019,total_daily_tons_2020,total_daily_tons_2030,total_daily_tons_2040,total_daily_tons_2050
Atmospheric CO2,heavy,2870.5092587937797,2863.3123940732344,2856.115529352689,2784.146882147235,2760.089708125853,4125.959600471789
Atmospheric CO2,light,18974.290036271657,18655.47482921409,18336.659622156523,15148.507551580857,14505.669730238986,21862.913816804805
Atmospheric CO2,medium,1525.914913074663,1509.8376762436037,1493.7604394125442,1332.988071101951,1274.7447175770055,1703.4587317585056
CO2 Equivalent,heavy,2874.4192253097526,2867.6053677812474,2860.7915102527422,2792.6529349676903,2770.651786445202,4131.689787844071
CO2 Equivalent,light,19137.844155907267,18816.647795851186,18495.451435795105,15283.487835234295,14638.896464466523,22036.94894320862
CO2 Equivalent,medium,1565.603736681371,1549.4929626089643,1533.3821885365574,1372.2744478124894,1314.2350458382718,1744.166949610725
